"","precio_gasoleo_a","rotulo","direccion","provincia"
"1",1.519,"BALLENOIL","CALLE VERSALLES, 17","MADRID"
"2",1.529,"PLENOIL","AVENIDA DE MADRID, 60","MADRID"
"3",1.529,"BEROIL","CALLE SIMON HERNANDEZ (DE), 73","MADRID"
"4",1.529,"BALLENOIL","CALLE CIRCUNVALACIÓN, 64","MADRID"
"5",1.529,"PLENOIL","AVENIDA DE LA CONSTITUCION, 249","MADRID"
"6",1.529,"GASEXPRESS","AVENIDA SOL, 50","MADRID"
"7",1.529,"BALLENOIL","CALLE OLMO, 1","MADRID"
"8",1.529,"PLENOIL","AVENIDA CONSTITUCIÓN, 1","MADRID"
"9",1.529,"PETROPRIX","AVENIDA DE LA CONSTITUCION, 287","MADRID"
"10",1.529,"BALLENOIL","CALLE CHARCA DE LOS PECES, 2","MADRID"
"11",1.537,"E.S. TERUGAS","CALLE SIMON HERNANDEZ, 75","MADRID"
"12",1.537,"PLENOIL","CALLE TORRES QUEVEDO, 2","MADRID"
"13",1.539,"PLENOIL","CALLE ESTACION, 40","MADRID"
"14",1.539,"BALLENOIL","CALLE CARRETERA DE EL ESCORIAL, 94","MADRID"
"15",1.539,"BALLENOIL","CL CRTA. DE TORRELODONES, 10","MADRID"
"16",1.539,"PLENOIL","CALLE COLMENAREJO, 54","MADRID"
"17",1.539,"BALLENOIL","CALLE DEL TRIGO, 5","MADRID"
"18",1.539,"PLENOIL","CALLE REY PASTOR, 3","MADRID"
"19",1.539,"PETROPRIX","CALLE RICARDO TORMO, 6","MADRID"
"20",1.539,"BALLENOIL","CALLE REY PASTOR, 16","MADRID"
"21",1.539,"PLENOIL","CALLE ALUMINIO, 8","MADRID"
"22",1.539,"BALLENOIL","CALLE ANGEL NIETO, 2","MADRID"
"23",1.539,"PETROL MÓSTOLES","CALLE TORRES QUEVEDO, 6","MADRID"
"24",1.545,"E.LECLERC","AVENIDA PREMIOS NOBEL, 1","MADRID"
"25",1.545,"LAVAPLUS","CARRETERA DE LA BASE KM. S/N","MADRID"
"26",1.549,"LAVAPLUS","AVENIDA DE EUROPA, 15","MADRID"
"27",1.549,"BALLENOIL","CALLE AZUELA, 73","MADRID"
"28",1.549,"BALLENOIL","CALLE ESCOFINA, 3","MADRID"
"29",1.549,"PLENOIL","CALLE AZUELA, 62","MADRID"
"30",1.549,"CARBURANTES REQUES","CALLE JUSTINA VELASCO MARTIN, 1","MADRID"
"31",1.549,"STORE FUEL","CALLE SOLANA, 56","MADRID"
"32",1.549,"FAST FUEL","CALLE MARIO VARGAS LLOSA, 4","MADRID"
"33",1.555,"CDT","CALLE ERATOSTENES, 15","MADRID"
"34",1.559,"TEB","CALLE ALMANZOR, 11","MADRID"
"35",1.559,"PLENOIL","AVENIDA LOS ROSALES, 15","MADRID"
"36",1.559,"BALLENOIL","AVENIDA OROVILLA, 22","MADRID"
"37",1.559,"BALLENOIL","CALLE REUS, 13","MADRID"
"38",1.559,"ION +","CALLE MUGUET, 12","MADRID"
"39",1.559,"PETROPRIX","CALLE SECOYA, 12","MADRID"
"40",1.559,"PETROPRIX","AVENIDA RONDA (DE), S/N","MADRID"
"41",1.559,"PLENOIL","CALLE TOLEDO, 40","MADRID"
"42",1.562,"BALLENOIL","CALLE TOLEDO CV VIA DE RONDA, SN","MADRID"
"43",1.565,"BALLENOIL","CALLE ANETO, 1","MADRID"
"44",1.567,"BALLENOIL","CALLE CONSTITUCION, 81","MADRID"
"45",1.567,"PETROPRIX","CALLE CONSTITUCION (DE LA), 100","MADRID"
"46",1.567,"PLENOIL","CALLE LUIS SAUQUILLO, 131","MADRID"
"47",1.567,"PETROPRIX","AVENIDA DE LA CANTUEÑA, 8","MADRID"
"48",1.567,"PLENOIL","CALLE LUIS SAUQUILLO, 86","MADRID"
"49",1.567,"BALLENOIL","AVENIDA FUENLABRADA, 6","MADRID"
"50",1.569,"GASEXPRESS","CARRETERA DAGANZO KM. 3","MADRID"
"51",1.569,"BALLENOIL","CALLE VARSOVIA, 2","MADRID"
"52",1.569,"BALLENOIL","CARRETERA DAGANZO KM. 5","MADRID"
"53",1.569,"PETROPRIX","CALLE ISAAC NEWTON, 155","MADRID"
"54",1.569,"ALCAMPO","AVENIDA EUROPA, S/N","MADRID"
"55",1.569,"PETROPRIX","AVENIDA JUAN CARLOS I, 24","MADRID"
"56",1.569,"PLENOIL","CALLE CALLE POLÍGONO 5, 20","MADRID"
"57",1.569,"BALLENOIL","CALLE TOMILLO DEL, 4","MADRID"
"58",1.569,"PETROPRIX","AVENIDA DE LOS REYES, 2","MADRID"
"59",1.569,"ALCAMPO FUENLABRADA","CC. LORANCA ALCAMPO FUENLABRADA (AV. PABLO IGLESIAS, S/N, CIUDAD LORANCA)","MADRID"
"60",1.569,"PLENOIL","CALLE ENEBRO, 17","MADRID"
"61",1.569,"BALLENOIL","CALLE VIZCAYA, 24","MADRID"
"62",1.569,"PETROPRIX","CALLE VIZCAYA, 17","MADRID"
"63",1.569,"E.LECLERC","CALLE CALDERILLA, 1","MADRID"
"64",1.569,"BALLENOIL","CALLE FRAGUA, 16","MADRID"
"65",1.569,"BALLENOIL","CALLE ALFONSO XII, 20","MADRID"
"66",1.569,"BALLENOIL","CALLE CINCEL (DEL), S","MADRID"
"67",1.569,"PLENOIL","CALLE CARRETILLA LA, 36","MADRID"
"68",1.569,"PETROPRIX","CALLE CINCEL (DEL), 2","MADRID"
"69",1.569,"BALLENOIL","CALLE FUNDICION, 19","MADRID"
"70",1.569,"BALLENOIL","AVENIDA AVENIDA DE LAS MORCILLERAS, 1","MADRID"
"71",1.574,"GALP","CALLE CAÑADA DEL POZO, SN","MADRID"
"72",1.574,"SHELL","POLIGONO CASABLANCA C/JACINTO BENAVENTE, 6","MADRID"
"73",1.577,"BALLENOIL","CARRETERA CARABANCHEL A VILLAVERDE KM. 89","MADRID"
"74",1.579,"SUPECO","POLIGONO LA GARENA, AV. EUROPA, S/N, S/N","MADRID"
"75",1.579,"E.LECLERC","CALLE DE LAS MORERAS, 62","MADRID"
"76",1.579,"E.LECLERC","PASEO DELEITE (DEL), 13","MADRID"
"77",1.579,"SIMON GRUP","CARRETERA VILLAVERDE A VALLECAS KM. 283","MADRID"
"78",1.579,"SUPECO","CALLE EDUARDO BARREIROS, 114","MADRID"
"79",1.579,"LOW COST REPOST","CALLE HILARIO HERRANZ ESTABLOS, 20","MADRID"
"80",1.579,"PETROPRIX","CALLE BARBERO DE SEVILLA EL, 2","MADRID"
"81",1.579,"MAXPETROL","CALLE CAMINO DE BASTOS, 6","MADRID"
"82",1.579,"BALLENOIL","AVENIDA PABLO IGLESIAS (DE), 78","MADRID"
"83",1.579,"PETROKAL","CALLE SOLANA DE LA, 17","MADRID"
"84",1.579,"BALLENOIL","AVENIDA INDUSTRIA, 44","MADRID"
"85",1.579,"PLENOIL","AVENIDA INDUSTRIA (DE LA), 52","MADRID"
"86",1.579,"LAS PALMERAS","RONDA COMUNIDADES (DE LAS), 107","MADRID"
"87",1.579,"SUPER GASOIL 2016 S.L.","CAMINO COOPERATIVA DE LA, 2","MADRID"
"88",1.579,"RECESPAÑA","CL FRAY JOSE DE SAN JACINTO 10","MADRID"
"89",1.58,"GASOLEOS TORRES LOW COST 24H.","CALLE MADRID, 46","MADRID"
"90",1.583,"TIPSA","CALLE MAR EGEO, 1","MADRID"
"91",1.585,"PLENOIL","AVENIDA MADRID, 2","MADRID"
"92",1.585,"SERVIFACIL","AVENIDA CERRO DEL RUBAL, 12","MADRID"
"93",1.586,"E.S. EL ALAMO, S.L.","CTRA. LOCAL M-404 km 3,640","MADRID"
"94",1.588,"OIL A42 A-42 KM 9,8  DIR. MADRID","AVENIDA PRINCESA JUANA DE AUSTRIA, 91","MADRID"
"95",1.589,"PETROPRIX","CALLE PARAGUAY ESQUINA AVENIDA DE AMERICA, SN","MADRID"
"96",1.589,"PLENOIL","AVENIDA SAN MARTIN DE VALDEIGLESIAS, 9","MADRID"
"97",1.589,"PETROPRIX","CALLE PUERTA DE ABAJO, 57","MADRID"
"98",1.589,"PLENOIL","CALLE PUERTA DE ABAJO, 20","MADRID"
"99",1.589,"BALLENOIL","CAMINO CAMINO DE SAN MARTÍN DE LA VEGA A ARGANDA, 2","MADRID"
"100",1.589,"PETROPRIX","AVENIDA MADRID (DE), SN","MADRID"
"101",1.589,"BALLENOIL","CAMINO SAN MARTIN DE LA VEGA, 8","MADRID"
"102",1.589,"DELFIOIL","AVENIDA FINANZAUTO (DE), 2","MADRID"
"103",1.589,"PLENOIL","AVENIDA MADRID (DE), 66","MADRID"
"104",1.589,"BALLENOIL","AVENIDA VALDEARGANDA, 15","MADRID"
"105",1.589,"BALLENOIL","TRAVESÍA SIERRA DE GATA, 17","MADRID"
"106",1.589,"PLENOIL","PASEO MOLINO DEL REY, 39","MADRID"
"107",1.589,"POWER3OIL","AVENIDA DEMOCRACIA, 15","MADRID"
"108",1.589,"GHC","CARRETERA N-III KM. 11,8","MADRID"
"109",1.589,"PLENOIL","CALLE SAN DALMACIO, 13","MADRID"
"110",1.589,"BALLENOIL","CALLE RESINA, 4","MADRID"
"111",1.589,"BALLENOIL","CALLE VALLE DE TOBALINA, 24","MADRID"
"112",1.589,"PLENOIL","AVENIDA REAL DE PINTO, 73","MADRID"
"113",1.589,"BALLENOIL","CALLE ARROYO DE LA BULERA, S/N","MADRID"
"114",1.589,"BALLENOIL","CALLE LA ACEBEDA, 1","MADRID"
"115",1.589,"GALP","AVENIDA DE LOS POBLADOS, SN","MADRID"
"116",1.589,"PLENOIL","CARRETERA GUADARRAMA KM. 57","MADRID"
"117",1.589,"GASOLINERA VALDEMORO","AVENIDA MADRID (DE), 6","MADRID"
"118",1.589,"BALLENOIL","CARRETERA M-233 KM. 6,800","MADRID"
"119",1.589,"GASOLINERA VILLAREJO DE SALVANÉS","AVENIDA JUAN CARLOS I REY DE ESPAÑA, 3","MADRID"
"120",1.597,"BALLENOIL","CALLE LAGUNA, 88","MADRID"
"121",1.597,"PLENOIL","CALLE POLVORANCA, 65","MADRID"
"122",1.597,"PLENOIL","CALLE DEL PARAISO, S/N","MADRID"
"123",1.597,"BALLENOIL","CALLE G, 2","MADRID"
"124",1.597,"PLENOIL","CALLE CAMINO DE LAS HORMIGUERAS, 177","MADRID"
"125",1.597,"BALLENOIL","CAMINO HORMIGUERAS, 153","MADRID"
"126",1.597,"PLENOIL","CARRETERA VILLAVERDE A VALLECAS KM. 267","MADRID"
"127",1.597,"BALLENOIL","CAMINO POZO DEL TIO RAIMUNDO, 6","MADRID"
"128",1.597,"BALLENOIL","CALLE REAL, 125","MADRID"
"129",1.598,"ATENOIL","CARRETERA PINTO-PARLA KM. 1","MADRID"
"130",1.598,"E. LECLERC","AVENIDA ANDALUCIA (DE), 118","MADRID"
"131",1.598,"E-LECLERC","CALLE NARCISO MONTURIOL, 30","MADRID"
"132",1.599,"SOLNER","CALLE TELECOMUNICACIONES, 2","MADRID"
"133",1.599,"ATENOIL","AVENIDA DE MADRID, 126","MADRID"
"134",1.599,"BALLENOIL","CALLE FRESADORES (DE), 7","MADRID"
"135",1.599,"ALCAMPO","CALLE C.C. ALCAMPO, C/. TEJERA, 2","MADRID"
"136",1.599,"PLENOIL","AVENIDA SAN PABLO, 29","MADRID"
"137",1.599,"BALLENOIL","AVENIDA JARAMA (DEL), 17","MADRID"
"138",1.599,"GASOLOWCOST","CALLE ARGANZA, 5","MADRID"
"139",1.599,"PETROJARAMA","CALLE TORRELAGUNA, 57","MADRID"
"140",1.599,"GALP","AVDA ARCAS DE AGUA SN","MADRID"
"141",1.599,"PETROPRIX","CALLE HERREROS, 1","MADRID"
"142",1.599,"BALLENOIL","CALLE FUNDIDORES, 24","MADRID"
"143",1.599,"BALLENOIL","CALLE FRANKLIN, 1","MADRID"
"144",1.599,"GASEXPRESS GETAFE","AVENIDA RIO GUADALQUIVIR, 20","MADRID"
"145",1.599,"GC","CARRETERA M527 KM. 2,8","MADRID"
"146",1.599,"SHELL","AVENIDA FUENLABRADA, 110","MADRID"
"147",1.599,"SUPECO","CALLE BRUNO ABUNDEZ, 56","MADRID"
"148",1.599,"BALLENOIL","CALLE CERRO DEL MURMULLO, 1","MADRID"
"149",1.599,"OIL SANCHEZ ROMERO","CALLE BARBERO DE SEVILLA EL, 1","MADRID"
"150",1.599,"PETROPRIX","CALLE PORTUGAL, 30","MADRID"
"151",1.599,"MORAFUEL","CALLE ROBLE, 6","MADRID"
"152",1.599,"BALLENOIL","CALLE MINA DEL COTORRO (DE LA), S/N","MADRID"
"153",1.599,"BALLENOIL","AVENIDA DE ALCOTANES, 5","MADRID"
"154",1.599,"BALLENOIL","PASEO EUROPA, 22","MADRID"
"155",1.599,"PETROPRIX","AVENIDA FUENTE NUEVA, 18","MADRID"
"156",1.599,"BALLENOIL","AVENIDA PIRINEOS (DE LOS), 21","MADRID"
"157",1.599,"BALLENOIL","AVENIDA MATAPIÑONERA, 20","MADRID"
"158",1.599,"BALLENOIL","AVENIDA TENERIFE, 10","MADRID"
"159",1.599,"ALCAMPO","CARRETERA LOECHES-AJALVIR, KM. 12,500","MADRID"
"160",1.599,"SUPER GASOIL","AVENIDA ANDALUCIA DE, 519","MADRID"
"161",1.599,"LCH LOW COST","AVENIDA MADRID (DE), 7","MADRID"
"162",1.599,"FAST FUEL","CALLE SEVERO OCHOA, 48","MADRID"
"163",1.609,"ENERGY","CALLE PERU, 31","MADRID"
"164",1.609,"SHELL","VÍA COMPLUTENSE, 105","MADRID"
"165",1.609,"ALCAMPO","C.C. LA DEHESA, AUTOVIA MADRID-BARCELONA km 34,0","MADRID"
"166",1.609,"SHELL","C/ ESCOFINA S/N","MADRID"
"167",1.609,"LOW COST REPOST","AVENIDA REAL DE PINTO, 156","MADRID"
"168",1.609,"OLANCA","AVENIDA DE LAS NIEVES, 5","MADRID"
"169",1.617,"BALLENOIL","CARRETERA VICALVARO A ESTACION DE O`DONNELL KM. 22","MADRID"
"170",1.617,"BALLENOIL","CALLE FRANCISCA TORRES CATALAN, 24","MADRID"
"171",1.617,"PLENOIL","CARRETERA VICALVARO ESTACION ODONNELL KM. 20","MADRID"
"172",1.617,"PLENOIL","CALLE PIROTECNIA, 2","MADRID"
"173",1.619,"PLENOIL","CAMINO TORREJON, 4","MADRID"
"174",1.619,"AVIA","CALLE MEJICO, 17","MADRID"
"175",1.619,"COMBUS","CARRETERA FUENCARRAL KM. 100","MADRID"
"176",1.619,"BALLENOIL","CALLE PELAYA (DE LA), 1","MADRID"
"177",1.619,"ALCAMPO","CALLE DEL CEDRO, 5","MADRID"
"178",1.619,"MERODIO","CALLE CERRO SAN PEDRO, 4","MADRID"
"179",1.619,"BALLENOIL","CALLE FRANKLIN, 1","MADRID"
"180",1.619,"GASOLEOS DAGANZO","POLIGONO LOS FRAILES, 133","MADRID"
"181",1.619,"ALCAMPO","CALLE ISAAC PERAL, 12","MADRID"
"182",1.619,"GALP&GO","CALLE LA ACEBEDA, 57","MADRID"
"183",1.619,"BEROIL LAS ROSAS","CALLE SOFIA, 36","MADRID"
"184",1.619,"GREEN GAS","CALLE BRUSELAS, 4","MADRID"
"185",1.62,"CRISTO DE LA SALUD","PASEO AVILES, 2","MADRID"
"186",1.629,"BALLENOIL","CALLE VALGRANDE, 30","MADRID"
"187",1.629,"PETROPRIX","AVENIDA MARQUES DE LA VALDAVIA, 132","MADRID"
"188",1.629,"PETROPRIX","CALLE VALGRANDE, 11","MADRID"
"189",1.629,"SHELL","CALLE SEVERO OCHOA ESQUINA CALLE JULIO PALACIOS, S/N","MADRID"
"190",1.629,"BALLENOIL","GLORIETA PUERTA DE LOS CARROS, 5","MADRID"
"191",1.629,"PLENOIL","CAMINO DEL OLIVO, 1","MADRID"
"192",1.629,"EDV","CARRETERA M -611 KM. 7,6   GENERAL SANJURJO KM. 7,6","MADRID"
"193",1.629,"CHEAPOIL","CALLE ZACARIAS (DE), 20","MADRID"
"194",1.629,"SHELL","AVENIDA DE LA CONSTITUCION, 262","MADRID"
"195",1.629,"GALP","CALLE JAIME FERRAN, 31","MADRID"
"196",1.629,"BALLENOIL","AVENIDA QUITAPESARES, 33","MADRID"
"197",1.633,"LOUCOS  A.S. EL TORO","CARRETERA ANDALUCIA KM. 28,230","MADRID"
"198",1.634,"BALLENOIL","CALLE SINFONIA, 9","MADRID"
"199",1.639,"BDMED","CALLE SEIS MERCAMADRID, 16","MADRID"
"200",1.639,"SHELL","AVENIDA ANDALUCIA, 83","MADRID"
"201",1.639,"SHELL","CARRERA VALENCIA, KM, 14,800","MADRID"
"202",1.639,"E.LECLERC","CALLE NANTES, 119","MADRID"
"203",1.639,"XPO TRANSPORT SOLUTIONS SPAIN SL","CALLE ZAPADORES DE LOS, 1","MADRID"
"204",1.639,"GALP","AVENIDA DE LA CONSTITUCION, 108","MADRID"
"205",1.639,"BALLENOIL","AVENIDA SIERRA DE GUADARRAMA, 10","MADRID"
"206",1.644,"GALP","CAMINO DEL CUARTEL, 9","MADRID"
"207",1.649,"ALCAMPO","AVENIDA OLIMPICA, 9","MADRID"
"208",1.649,"SHELL","CALLE MAYOR, 63","MADRID"
"209",1.649,"MEROIL","CARRETERA M-623 KM. 1,5","MADRID"
"210",1.649,"SHELL","CARRETERA DE VILLAVERDE A VALLECAS KM. 269","MADRID"
"211",1.649,"GALP","CALLE E, 7","MADRID"
"212",1.649,"E.LECLERC","CALLE PABLO PICASSO, SN","MADRID"
"213",1.659,"GALP","AVENIDA FERNANDO ALONSO, 7","MADRID"
"214",1.659,"CEPSA","CARRETERA MADRID CADIZ KM. 11","MADRID"
"215",1.659,"EMBOCADOR","CALLE REINA (DE LA), 20","MADRID"
"216",1.659,"CEPSA","AVENIDA ANDALUCIA, 115","MADRID"
"217",1.659,"CHEAPOIL","CALLE REAL DE SAN SEBASTIAN, 68","MADRID"
"218",1.659,"ATENOIL","CARRETERA M-103 KM. 6,207","MADRID"
"219",1.659,"SHELL ATALAYUELA 365","CALLE GUADALCANAL, 36","MADRID"
"220",1.659,"SETOR","N-I  (BURGOS-MADRID) km 24,100","MADRID"
"221",1.659,"CEPSA","CALLE YUNQUE, 6","MADRID"
"222",1.659,"ALCAMPO","AVENIDA ESPAÑA, 1","MADRID"
"223",1.669,"GALP","AVENIDA RIO DUERO, 1","MADRID"
"224",1.669,"BALLENOIL","CALLE CEREZA, 4","MADRID"
"225",1.669,"SUPER OIL","CALLE ARAGON, 18","MADRID"
"226",1.669,"GALP","CALLE BUENAVISTA, 2","MADRID"
"227",1.669,"BALLENOIL","CARRETERA POZUELO MAJADAHONDA KM. 2","MADRID"
"228",1.669,"BALLENOIL","CALLE CABO RUFINO LAZARO, 7","MADRID"
"229",1.669,"EMACOIL 24-7","CALLE CEBADAL, 27","MADRID"
"230",1.669,"CASTROIL","CALLE JUAN MARIA LEONET ZABALA, 19","MADRID"
"231",1.674,"SHELL","AVENIDA SAN PABLO (DE), 39","MADRID"
"232",1.679,"GALP","CARRETERA ANTIGUA NACIONAL I KM. 15,5","MADRID"
"233",1.679,"BENZOE","CALLE ALPEDRETE, 12","MADRID"
"234",1.679,"BALLENOIL","AVENIDA TRANVIA, 4","MADRID"
"235",1.679,"GALP","PASEO DE LA HERMITA DE STA. ANA, 2","MADRID"
"236",1.679,"GALP","AVENIDA DEL JARAMA, 19","MADRID"
"237",1.679,"GALP","AVENIDA SAN PABLO,ESQUINA C/INGENIERO FERNANDEZ, 40","MADRID"
"238",1.679,"GALP","CARRETERA M-506 KM. 16,300","MADRID"
"239",1.679,"SHELL","CARRETERA M-117 KM. 3,100","MADRID"
"240",1.679,"BALLENOIL","AVENIDA HUMANES, 171","MADRID"
"241",1.679,"CEPSA CIUDAD DEL AUTOMÓVIL 365","CALLE CARLOS SAINZ, 2","MADRID"
"242",1.679,"ZEROGAS","CALLE PEDRO LARA, 8","MADRID"
"243",1.679,"Q8","CALLE BRAVO MURILLO, 358","MADRID"
"244",1.679,"BALLENOIL","CALLE SAGITARIO, 2","MADRID"
"245",1.679,"GALP","AVENIDA MAYORAZGO, 20","MADRID"
"246",1.679,"BALLENOIL","CALLE ALBASANZ, 69","MADRID"
"247",1.679,"AVIA","CALLE JULIO CERVERA, 21","MADRID"
"248",1.679,"GALP","CARRETERA SIMÓN HERNÁNDEZ, 61 KM.","MADRID"
"249",1.679,"SHELL","CTRA. N-III km 19,5","MADRID"
"250",1.685,"ALCAMPO","CALLE JOSE PAULETE,","MADRID"
"251",1.685,"CEPSA","AVENIDA TENERIFE (DE), 14","MADRID"
"252",1.689,"AVIA","CARRETERA N-VI KM. 43,2","MADRID"
"253",1.689,"GALP","CALLE MATADERO, CARREFOUR LOS VALLES, S/N","MADRID"
"254",1.689,"GALP","CALLE BRAVO MURILLO, 229","MADRID"
"255",1.689,"CEPSA","AVENIDA PORTUGAL (DE), 80","MADRID"
"256",1.689,"CEPSA","AVENIDA PORTUGAL (IZDO), 80","MADRID"
"257",1.694,"SHELL","CALLE TOMAS REDONDO, 10","MADRID"
"258",1.694,"GALP","CRTA. N-III PK. 41,00","MADRID"
"259",1.698,"REPSOL","FRESADORES, 19","MADRID"
"260",1.698,"REPSOL","CALLE ARTURO DUPERIER, S/N","MADRID"
"261",1.699,"SHELL","CALLE POLVORANCA, 158","MADRID"
"262",1.699,"GALP","CARRETERA M-404 KM. 39,8","MADRID"
"263",1.699,"CEPSA","M-40, PK 7.4 - ACCESO AL CAMPO DE LAS NACIONES, 2","MADRID"
"264",1.699,"CEPSA","AVDA. DE LOGROÑO, 233","MADRID"
"265",1.699,"Q8","AVENIDA ALBUFERA, 89","MADRID"
"266",1.699,"CEPSA","CALLE JUAN DE TOLEDO, 8","MADRID"
"267",1.699,"SUPECO","AVENIDA DE MADRID, 34","MADRID"
"268",1.699,"REPSOL","CL AV DE LA INDUSTRIA, 58","MADRID"
"269",1.704,"FRII","AVENIDA PETRÓLEO, 46","MADRID"
"270",1.704,"SHELL","AVENIDA AVIACIÓN, 26","MADRID"
"271",1.704,"GALP","CAMINO VIEJO DE COBEÑA, 34","MADRID"
"272",1.704,"GALP","C/Las Pozas, s/n - P.I. Matacuervos","MADRID"
"273",1.705,"REPSOL","CL AVENIDA ARTESANOS, 40","MADRID"
"274",1.709,"GALP","VÍA VIA COMPLUTENSE ESQ. C/ AVILA, N","MADRID"
"275",1.709,"GALP","CALLE VILLAMALEA, 2","MADRID"
"276",1.709,"SHELL","CTRA. N-V km 12,5","MADRID"
"277",1.709,"GALP","CARRETERA N-401 KM. 17,400","MADRID"
"278",1.709,"GALP","CALLE LUIS SAUQUILLO, 92","MADRID"
"279",1.709,"SHELL","CALLE LOS ESCORIALES, 5","MADRID"
"280",1.709,"SHELL","CALLE FUENTE DE LA TEJA, 2","MADRID"
"281",1.709,"SHELL","CALLE FRANCISCO UMBRAL, 2","MADRID"
"282",1.709,"SHELL","AVENIDA FRANCISCO JAVIER SAENZ DE OIZA, ESQUINA GLORIETA JUAN DE HARO, 5","MADRID"
"283",1.709,"CEPSA","AVENIDA PIO XII, 6","MADRID"
"284",1.709,"CEPSA","CALLE CORAZON DE MARIA, 76","MADRID"
"285",1.709,"CEPSA","CARRETERA M-607 KM. 13","MADRID"
"286",1.709,"GALP","Niceto Alcalá Zamora 20","MADRID"
"287",1.709,"CEPSA","CARRETERA M-601 KM. 10,3","MADRID"
"288",1.709,"CEPSA","CARRETERA M601 KM. 10,3","MADRID"
"289",1.709,"BP TRES CANTOS","AVENIDA INDUSTRIA (DE LA), S/N","MADRID"
"290",1.714,"SHELL","AVENIDA BUENOS AIRES, SN","MADRID"
"291",1.714,"SHELL","CARRETERA ANTIGUA N-I CV CAMINO REDESA KM. S/N","MADRID"
"292",1.714,"SHELL","AVENIDA FUENTENUEVA, 1","MADRID"
"293",1.716,"BP  E.S LA POCILLA   GALAPAGAR","CALLE GUADARRAMA, 70","MADRID"
"294",1.717,"CEPSA","CARRETERA M-607 KM. 46","MADRID"
"295",1.719,"SHELL","CARRETERA M-603 KM. 14,900","MADRID"
"296",1.719,"SHELL","AVENIDA VALDELAPARRA, 3","MADRID"
"297",1.719,"CEPSA","CALLE DUBLIN, 4","MADRID"
"298",1.719,"AVIA","CARRETERA M-506 KM. 4","MADRID"
"299",1.719,"AVIA","CARRETERA M 506 KM. 4,900","MADRID"
"300",1.719,"SHELL","AVENIDA DE LOS CASTILLOS, 9","MADRID"
"301",1.719,"REPSOL","CARRETERA M-106 KM. 3,100","MADRID"
"302",1.719,"REPSOL","CARRETERA M - 106 KM. 3,100","MADRID"
"303",1.719,"BLANCA","CARRETERA M222 KM. 19","MADRID"
"304",1.719,"REPSOL","CALLE MADRID, 143","MADRID"
"305",1.719,"SHELL","CALLE FELIPE CALLEJA, S/N","MADRID"
"306",1.719,"SHELL","GLORIETA JOSE LUIS FERNANDEZ DEL AMO, SN","MADRID"
"307",1.719,"REPSOL","CALLE HULLA, 22","MADRID"
"308",1.719,"SHELL","CL CARRETERA CANILLAS, 150","MADRID"
"309",1.719,"REPSOL","CL ANTONIO LOPEZ, 244","MADRID"
"310",1.719,"STAR PETROLEUM","CALLE AVENIDA DE LOS POBLADOS, 167","MADRID"
"311",1.719,"REPSOL","AVENIDA CARABANCHEL ALTO, 180","MADRID"
"312",1.719,"SHELL","C/ CAMPEZO, 7 km CENTRO COMERCIAL M","MADRID"
"313",1.719,"GALP","CARRETERA M-506 KM. 24","MADRID"
"314",1.719,"CEPSA","CL.AGUILAS (P. IND. PINTO ESTACIÓN)","MADRID"
"315",1.719,"REPSOL","CALLE BARLOVENTO, 30","MADRID"
"316",1.719,"TIELMES S.L.","AVENIDA FERROCARRIL (DEL), 1","MADRID"
"317",1.719,"REPSOL","CL AVDA DE LA INDUSTRIA, 33","MADRID"
"318",1.724,"GALP","Avda de la Hispanidad 20","MADRID"
"319",1.724,"BAGARCIVA","CALLE CALVARIO, 10","MADRID"
"320",1.724,"GALP","CARRETERA M506 PK 26 KM. 26","MADRID"
"321",1.728,"CONFORT AUTO","CALLE DIESEL, 9","MADRID"
"322",1.728,"CEPSA","CALLE NARCISO MONTURIOL, 4","MADRID"
"323",1.729,"BP ALGETE","CR ALGETE KM  5,80","MADRID"
"324",1.729,"SHELL","AVENIDA AVDA. DE LA CABRERA S/N JUNTO AL HOSTAL EL CANCHO DEL AGUILA (A-1 KM 60), S/N","MADRID"
"325",1.729,"CEPSA","CARRETERA M-103 KM. 6,210","MADRID"
"326",1.729,"SHELL","AVENIDA LIBERTAD (DE LA), 64","MADRID"
"327",1.729,"CARREFOUR","AVENIDA RÍO GUADALQUIVIR, 13","MADRID"
"328",1.729,"GALP","CALLE SINESIO DELGADO, 15","MADRID"
"329",1.729,"BP E.S. NAVALCARRO","CARRETERA M-607 KM. 19","MADRID"
"330",1.729,"CEPSA","AVENIDA REAL DE PINTO, 106","MADRID"
"331",1.729,"CEPSA","AVENIDA GENERAL FANJUL, 1","MADRID"
"332",1.729,"LOS ROSALES","GLORIETA LOS JAZMINES, S/N","MADRID"
"333",1.729,"GALP","AV. CASTILLA, 4","MADRID"
"334",1.729,"GALP","AUTOVIA NACIONAL I KM. 26,200","MADRID"
"335",1.729,"SHELL","MADRID Nº 3, POL.IND.","MADRID"
"336",1.729,"CEPSA","POLIGONO INDUSRIAL PINARES LLANOS, C/CARPINTEROS, S/N","MADRID"
"337",1.735,"CEPSA","CALLE RIOJA, 23","MADRID"
"338",1.735,"CEPSA","CALLE RIOJA, 20","MADRID"
"339",1.735,"PADRE-BLANCA","AVENIDA PADRE PIQUER, S/N","MADRID"
"340",1.738,"REPSOL","CTRA. M-505 km 5,5","MADRID"
"341",1.738,"REPSOL","CARRETERA M-505 km 5.5","MADRID"
"342",1.738,"REPSOL","CALLE COPENHAGUES/N, S/N","MADRID"
"343",1.739,"REPSOL","CARRETERA CABANILLAS A BUSTARVIEJO KM. 5,320","MADRID"
"344",1.739,"REPSOL","CARRETERA M 622 (CARRETERA GUADARRAMA A LA FUENFRIA) KM. 7,200","MADRID"
"345",1.739,"Q8","AVENIDA CONSTITUCION (DE LA), 28","MADRID"
"346",1.739,"REPSOL","AVENIDA FELIPE II, 9","MADRID"
"347",1.739,"CEPSA","CARRETERA MADRID-TOLEDO KM. 10","MADRID"
"348",1.739,"REPSOL NASSICA 365","AVENIDA RIO GUADALQUIVIR, 11","MADRID"
"349",1.739,"REPSOL","CALLE CARLOS SAINZ, SN","MADRID"
"350",1.739,"BP TARAZA 365","CALLE MARC GENE, 2","MADRID"
"351",1.739,"REPSOL","CALLE ARROYO DEL SOTO, 2","MADRID"
"352",1.739,"BP MAYORAZGO 365","CALLE SIERRA DE LA DEMANDA, 2","MADRID"
"353",1.739,"REPSOL","AVENIDA PÍO XII, 98","MADRID"
"354",1.739,"REPSOL","CALLE ISAAC PERAL, S/N","MADRID"
"355",1.739,"REPSOL","AVENIDA ENTREVIAS, S/N","MADRID"
"356",1.739,"STAR PETROLEUM","CALLE SESEÑA, 40","MADRID"
"357",1.739,"REPSOL","CR M-611, 3,1","MADRID"
"358",1.739,"MEROIL","CARRETERA COMARCAL 608 KM. 35,2","MADRID"
"359",1.739,"REPSOL","CR M-501, 48,2 (M-501 km 48,25)","MADRID"
"360",1.739,"REPSOL","CARRETERA COMARCAL M236 KM. 51,600","MADRID"
"361",1.739,"AVIA","CALLE SEVERO OCHOA, SN","MADRID"
"362",1.739,"CARREFOUR","CARRETERA MADRID-LA CORUÑA KM. 22","MADRID"
"363",1.739,"REPSOL","CL AVDA TENERIFE, 18","MADRID"
"364",1.739,"BP APADIS","GLORIETA ANTONIO GAUDI,","MADRID"
"365",1.739,"GALP","CARRETERA C-404 KM. 28","MADRID"
"366",1.739,"SHELL","CARRETERA M-600 KM. 28","MADRID"
"367",1.739,"SHELL","CARRETERA M-600 KM. 28","MADRID"
"368",1.744,"SHELL","CARRETERA M-414 KM. 42,100","MADRID"
"369",1.744,"GALP","CALLE CALLE DEL TRUENO, S/N","MADRID"
"370",1.744,"SHELL","CTRA.M-403 (GETAFE-VILLAVERDE) (MARGEN IZQUIERDO) km 2","MADRID"
"371",1.744,"SHELL","CARRETERA 403 KM. 2","MADRID"
"372",1.744,"GALP","POLIGONO ALPARACHE, S/N","MADRID"
"373",1.744,"GALP","CARRETERA M-501 KM. 40,500","MADRID"
"374",1.748,"GASOLEOS GETAFE, S.L.","CALLE PITAGORAS, 1","MADRID"
"375",1.749,"CEPSA","PASEO ALCOBENDAS (DE), 10","MADRID"
"376",1.749,"REPSOL","CALLE FRANCISCO GERVAS, 13","MADRID"
"377",1.749,"REPSOL","CALLE LAGUNA, 36","MADRID"
"378",1.749,"REPSOL URTINSA 365","CALLE EBANISTAS,, 2","MADRID"
"379",1.749,"CEPSA","PLAZA HUERTA DE LAS FLORES, 2","MADRID"
"380",1.749,"CEPSA","AUTOPISTA AP-6 (MRG.IZDO.) KM. 42,3","MADRID"
"381",1.749,"BP EII","AUTOPISTA VIA DE SERVICIO M.D. KM. 38,300","MADRID"
"382",1.749,"BP EI","AVENIDA JUAN CARLOS I, 3","MADRID"
"383",1.749,"BP CARVISA","CALLE ESCOFINA, 17","MADRID"
"384",1.749,"REPSOL","AVENIDA DE LA LIBERTAD, S/N","MADRID"
"385",1.749,"REPSOL","CR M-607, 28","MADRID"
"386",1.749,"REPSOL","AVDA. JOSE GARATE, 2","MADRID"
"387",1.749,"REPSOL","CR M-510, 1,8","MADRID"
"388",1.749,"REPSOL","CR M-505, 17,4","MADRID"
"389",1.749,"REPSOL","M-505 km 15,5","MADRID"
"390",1.749,"CEPSA","CARRETERA MADRID TOLEDO KM. 12","MADRID"
"391",1.749,"BP GUADARRAMA","CARRETERA N-VI KM. 48","MADRID"
"392",1.749,"CEPSA","PASEO MOLINO DEL REY, 4","MADRID"
"393",1.749,"CEPSA","CARRETERA M-405 KM. 6","MADRID"
"394",1.749,"CEPSA","CALLE PUERTO NAVACERRADA, 1 - POLIGONO INDUSTRIAL PRADOVERA, 1","MADRID"
"395",1.749,"CEPSA","AVENIDA LENGUA ESPAÑOLA, 24","MADRID"
"396",1.749,"CARREFOUR","AVENIDA PUERTA DEL SOL, 2","MADRID"
"397",1.749,"REPSOL","CL PASEO ACACIAS, 8","MADRID"
"398",1.749,"CEPSA","CALLE SEGOVIA C/V A PASEO VIRGEN DEL PUERTO, S/N","MADRID"
"399",1.749,"SHELL","CALLE ALBERTO AGUILERA, 18","MADRID"
"400",1.749,"REPSOL","CALLE ALBERTO AGUILERA, 9","MADRID"
"401",1.749,"REPSOL","CALLE BRAVO MURILLO, 012","MADRID"
"402",1.749,"CEPSA","AVENIDA CIUDAD DE BARCELONA, 61","MADRID"
"403",1.749,"REPSOL","PASEO MARQUES DE ZAFRA, 31","MADRID"
"404",1.749,"REPSOL","CALLE OFELIA NIETO, 64","MADRID"
"405",1.749,"REPSOL","CALLE FRANCOS RODRIGUEZ, SN","MADRID"
"406",1.749,"REPSOL","PASEO SAN FRANCISCO DE SALES, 44","MADRID"
"407",1.749,"REPSOL","CALLE CEA BERMUDEZ, 32","MADRID"
"408",1.749,"REPSOL","CALLE SAN GERMAN, 14","MADRID"
"409",1.749,"CEPSA","CL MONFORTE DE LEMOS, 7","MADRID"
"410",1.749,"REPSOL","CALLE ALMAGRO, 9","MADRID"
"411",1.749,"REPSOL","CALLE SANTA ENGRACIA, 82","MADRID"
"412",1.749,"CARREFOUR","CALLE VERSALLES, 23","MADRID"
"413",1.749,"REPSOL","ZONA PLATAFORMA AEROPUERTO BARAJAS T123, S/N","MADRID"
"414",1.749,"REPSOL","ZONA AEROPUERTO DE BARAJAS, T4, S/N","MADRID"
"415",1.749,"CEPSA","AVENIDA DE LOS POBLADOS, 18","MADRID"
"416",1.749,"CEPSA","MONTE IGUELDO, 108","MADRID"
"417",1.749,"CEPSA","POBLADURA DEL VALLE, 31","MADRID"
"418",1.749,"GALP","CALLE MARIANO ALCARAZ, POL IND EL CARRALERO, SN","MADRID"
"419",1.749,"GALP","CTRA: M-218 ESQ. C/ DUERO - POLÍGONO INDUSTRIAL","MADRID"
"420",1.749,"CEPSA","CARRETERA M-610 KM. 19,8","MADRID"
"421",1.749,"REPSOL","CARRETERA M-204 KM. 14,700","MADRID"
"422",1.749,"BP A3 PERALES DE TAJUNA","AUTOVIA A-3 (MADRID-LEVANTE) KM. 37,870","MADRID"
"423",1.749,"CEPSA","AUTOPISTA AP-6 KM. 42,3","MADRID"
"424",1.749,"REPSOL","CARRETERA M-501 KM. 54,1","MADRID"
"425",1.749,"CEPSA","N-I (MADRID-BURGOS) km 24,100","MADRID"
"426",1.749,"CEPSA","CTRA. BURGOS","MADRID"
"427",1.749,"CEPSA","AUTOVIA A-1 KM. 92,5","MADRID"
"428",1.749,"CEPSA","AVENIDA DEL SOL, S,N","MADRID"
"429",1.749,"CEPSA","CARRETERA M-404 KM. 31","MADRID"
"430",1.749,"BP POLIGONO ROMPECUBAS","CALLE NARCISO MONTURIOL, 32","MADRID"
"431",1.749,"BP VALDEMORO","PASEO JUNCAREJO/CL DE AGORA, 0","MADRID"
"432",1.749,"GALP","CALLE AGUADO, 11","MADRID"
"433",1.749,"GALP","CARRETERA M-501 KM. 27","MADRID"
"434",1.749,"GALP","CARRETERA M-501 KM. 26,800","MADRID"
"435",1.754,"SHELL","PASEO SANTA MARIA DE LA CABEZA, 90","MADRID"
"436",1.754,"GALP","CTRA. N-VI km 21,700","MADRID"
"437",1.755,"CEPSA","CALLE PRIMAVERA, 94","MADRID"
"438",1.755,"CEPSA","AVENIDA VALDEARGANDA, 8","MADRID"
"439",1.755,"GASOLEOS SIERRA OESTE,SL","AVENIDA CLAUDIO SANCHEZ ALBORNOZ, 50","MADRID"
"440",1.755,"CEPSA","AUTOVIA A-3 KM. 7,1","MADRID"
"441",1.755,"CEPSA","AUTOVIA A-3 KM. 7,1","MADRID"
"442",1.755,"CEPSA","AVDA. DE LA DEMOCRACIA 62","MADRID"
"443",1.755,"CEPSA","AVDA. DEMOCRACIA, 41","MADRID"
"444",1.755,"CEPSA","ALCALA, 284-286","MADRID"
"445",1.755,"CEPSA","HNOS. GARCIA NOBLEJAS, 35","MADRID"
"446",1.755,"CEPSA RELAMPAGO","CALLE SARASATE, 1","MADRID"
"447",1.758,"BP","CALLE RICARDO ORTIZ, 44","MADRID"
"448",1.759,"SHELL","AVDA. PUERTA DE MADRID, 20","MADRID"
"449",1.759,"GALP","CALLE AVENIDA MADRID ESQUINA CARLOS III, SN","MADRID"
"450",1.759,"CARREFOUR","POLIGONO ESPARTALES SUR, C/ FEDERICO GARCIA LORCA,, S/N","MADRID"
"451",1.759,"GALP","AVENIDA VALDELAPARRA (DE), 5","MADRID"
"452",1.759,"BP EL SAPO-ALCOBENDAS","AVENIDA MONTE DE VALDELATAS, 5","MADRID"
"453",1.759,"BP VALDAVIA","CALLE MARQUES DE LA VALDAVIA (DEL), 138","MADRID"
"454",1.759,"BP JUNCAL","CARRETERA BARAJAS KM. S/N","MADRID"
"455",1.759,"REPSOL","CL AVENIDA DE ESPAÑA, S.N.","MADRID"
"456",1.759,"REPSOL","BULEVAR SALVADOR ALLENDE (DE), 13","MADRID"
"457",1.759,"REPSOL","CL BOULEVARD SALVADOR ALLENDE, 12-1","MADRID"
"458",1.759,"CEPSA LISBOA","AV  DE MOSTOLES, Nº 6","MADRID"
"459",1.759,"CEPSA","CARRETERA M-507 KM. 16,8","MADRID"
"460",1.759,"CEPSA","CARRETERA M-311 KM. 19,4","MADRID"
"461",1.759,"BP CIEMPOZUELOS","CALLE ALAMO, 49","MADRID"
"462",1.759,"REPSOL ÁREA EUROPA 365","CARRETERA N-IV KM33 KM. 33","MADRID"
"463",1.759,"REPSOL","AVENIDA JUAN CARLOS I, 46","MADRID"
"464",1.759,"REPSOL","CALLE REAL, 2","MADRID"
"465",1.759,"REPSOL","CR M-501, 34,1","MADRID"
"466",1.759,"REPSOL","AUTOVIA M-501 KM. 34,1","MADRID"
"467",1.759,"REPSOL","CARRETERA M-607 KM. 29,8","MADRID"
"468",1.759,"REPSOL","CR M-607, 28,2","MADRID"
"469",1.759,"CEPSA","AVENIDA DE LAS TRECE ROSAS, 6","MADRID"
"470",1.759,"CEPSA","CARRETERA M-405 KM. 5,6","MADRID"
"471",1.759,"BP","AVENIDA FUENLABRADA, 16","MADRID"
"472",1.759,"CEPSA","AVENIDA LENGUA ESPAÑOLA, S/N","MADRID"
"473",1.759,"REPSOL","AVENIDA DR. MENDIGUCHIA GARRICHE, 40","MADRID"
"474",1.759,"REPSOL","CARRETERA M-300 KM. 13","MADRID"
"475",1.759,"CEPSA","BARRIO CENTRO-EMBAJADORES, 83","MADRID"
"476",1.759,"REPSOL","CL ANCORA 39","MADRID"
"477",1.759,"REPSOL","PASEO SANTA MARIA DE LA CABEZA, 18","MADRID"
"478",1.759,"CEPSA","CALLE CAVANILLES, 58","MADRID"
"479",1.759,"SHELL","CALLE GOYA, 24","MADRID"
"480",1.759,"REPSOL","CALLE RAMON Y CAJAL, 2","MADRID"
"481",1.759,"BP","CL PRINCIPE DE VERGARA  106","MADRID"
"482",1.759,"REPSOL","CL MARIA DE MOLINA, 21","MADRID"
"483",1.759,"CEPSA","AVENIDA DE LOS TOREROS, S/N","MADRID"
"484",1.759,"CEPSA","CALLE BERLIN, S/N, S/N","MADRID"
"485",1.759,"REPSOL","CALLE DOCTOR GOMEZ ULLA, S/N","MADRID"
"486",1.759,"REPSOL","CL MATEO INURRIA, 4","MADRID"
"487",1.759,"REPSOL","CL PASEO DE LA HABANA, 168","MADRID"
"488",1.759,"REPSOL","CALLE SERRANO, 197","MADRID"
"489",1.759,"BP","AV DOCTOR ARCE  30","MADRID"
"490",1.759,"REPSOL","CALLE PRINCIPE DE VERGARA, 134","MADRID"
"491",1.759,"REPSOL","CALLE CLARA DEL REY, 45","MADRID"
"492",1.759,"REPSOL","PLAZA REPUBLICA ARGENTINA, 8","MADRID"
"493",1.759,"REPSOL","CL RIOS ROSAS, 1","MADRID"
"494",1.759,"REPSOL","AVENIDA MONFORTE DE LEMOS, 10","MADRID"
"495",1.759,"REPSOL","AVENIDA VICTORIA, 34","MADRID"
"496",1.759,"HUSCO S.L.","CALLE MARTINEZ DE LA RIVA, 119","MADRID"
"497",1.759,"CEPSA","AVENIDA SAN LUIS, 75","MADRID"
"498",1.759,"CEPSA","PASEO DEL MAR CASPIO, S,N","MADRID"
"499",1.759,"CEPSA","GLORIETA YUCATAN, S/N","MADRID"
"500",1.759,"REPSOL","CR N-2, 12,6","MADRID"
"501",1.759,"REPSOL","AV HISPANIDAD, S.N.","MADRID"
"502",1.759,"REPSOL","ZONA AEROPUERTO DE BARAJAS, TERMINAL 2, S/N","MADRID"
"503",1.759,"REPSOL","AVENIDA HISPANIDAD, 44","MADRID"
"504",1.759,"REPSOL","PASEO EXTREMADURA, 300","MADRID"
"505",1.759,"REPSOL","PLAZA SETUBAL, 4","MADRID"
"506",1.759,"REPSOL","AVENIDA OPORTO, SN","MADRID"
"507",1.759,"REPSOL","GLORIETA VALLE DEL ORO, 10","MADRID"
"508",1.759,"CEPSA","AVENIDA CANILLEJAS A VICALVARO, 147","MADRID"
"509",1.759,"CEPSA","CALLE SANTA GENOVEVA, 26","MADRID"
"510",1.759,"CEPSA","CALLE HERNANDEZ TEJADA, S/N ESQ. AGASTIA, S/N (A-2 KM 5,1), S,N","MADRID"
"511",1.759,"REPSOL","ARTURO SORIA, 29","MADRID"
"512",1.759,"GALP","Avda. Vicálvaro esq. Pobladura del Valle","MADRID"
"513",1.759,"REPSOL","CALLE LOPEZ DE HOYOS, 327","MADRID"
"514",1.759,"REPSOL","SILVANO, 88-90","MADRID"
"515",1.759,"SHELL","CL AVENIDA MADRID, 24","MADRID"
"516",1.759,"REPSOL","CARRETERA M208 KM. 9,600","MADRID"
"517",1.759,"CEPSA","CALLE E, 12","MADRID"
"518",1.759,"CEPSA","CALLE MIGUEL DE CERVANTES, 2","MADRID"
"519",1.759,"SHELL","AVENIDA DE LAS LAGUNAS, 1","MADRID"
"520",1.759,"CEPSA","AUTOVIA A-3 KM. 43,3","MADRID"
"521",1.759,"CARREFOUR","CALLE LUIS BUÑUEL, 3","MADRID"
"522",1.759,"BP LAS ROZAS","CL LAS CRUCES  S/N","MADRID"
"523",1.759,"REPSOL","CR M-600, 3","MADRID"
"524",1.759,"REPSOL","CR M-600, 3","MADRID"
"525",1.759,"OLIVAR ALTO 24H","CARRETERA M-506 KM. 36,330","MADRID"
"526",1.759,"REPSOL","CL REAL  (ANTIGUA N-1), 120","MADRID"
"527",1.759,"BP SOTO I","CARRETERA M-609 KM. 3","MADRID"
"528",1.759,"BP SOTO II","CARRETERA M-609 KM. 3","MADRID"
"529",1.759,"BP GASOLEOS TORREJÓN","CALLE LONDRES, 30","MADRID"
"530",1.759,"CARREFOUR","CALLE LOECHES, S/N","MADRID"
"531",1.759,"SHELL","CARRETERA M-600 KM. 14","MADRID"
"532",1.759,"CEPSA","CARRETERA M-208 KM. 3,800","MADRID"
"533",1.759,"CEPSA","CARRETERA M-507 KM. 27,5","MADRID"
"534",1.76,"Q8","N-1 km 87","MADRID"
"535",1.762,"INDUSTRIAL LOS ANGELES","CARRETERA M-506 KM. 46,500","MADRID"
"536",1.763,"REPSOL","CL AVENIDA ALBUFERA, 319","MADRID"
"537",1.764,"GALP","Avda. Arcentales, 7","MADRID"
"538",1.764,"GALP","CARRETERA M-600 KM. 44","MADRID"
"539",1.764,"GALP","CARRETERA M-600 KM. 44","MADRID"
"540",1.765,"SHELL","CALLE SANTO DOMINGO, 10","MADRID"
"541",1.765,"CEPSA","AVDA. PORTUGAL, 16","MADRID"
"542",1.766,"ESTACIÓN SUR DE AUTOBUSES DE MADRID","CALLE MÉNDEZ ÁLVARO, 83","MADRID"
"543",1.768,"REPSOL","CALLE BARBERO DE SEVILLA, 2","MADRID"
"544",1.768,"BP","AVENIDA LEOPOLDO CALVO SOTELO-BUSTELO, 17","MADRID"
"545",1.768,"REPSOL","A-6 km 25,5","MADRID"
"546",1.769,"GALP","N-II km 29,000","MADRID"
"547",1.769,"GALP","N-II km 29,000","MADRID"
"548",1.769,"REPSOL","AVENIDA GUADALAJARA, 29","MADRID"
"549",1.769,"REPSOL","VÍA COMPLUTENSE, 41","MADRID"
"550",1.769,"CEPSA","CARRETERA M-300 (MARGEN IZQUIERDO) KM. 26,9","MADRID"
"551",1.769,"CARREFOUR","CARRETERA A-1 KM. 14,500","MADRID"
"552",1.769,"CEPSA","CALLE LAGUNA, 2","MADRID"
"553",1.769,"CEPSA","CTRA. 607 (DE COLMENAR A NAVACERRADA) km 48,2","MADRID"
"554",1.769,"SHELL","AVDA. GENERALISIMO,12","MADRID"
"555",1.769,"REPSOL","PLAZA FUENTE DE LOS ALAMOS, 12","MADRID"
"556",1.769,"REPSOL","CALZADA M 209, 4","MADRID"
"557",1.769,"REPSOL","CALLE INMACULADA, 43","MADRID"
"558",1.769,"REPSOL","CR M-601 1,0 (M-601 km 1,00)","MADRID"
"559",1.769,"REPSOL","CARRETERA NAVACERRADA KM. 1,33","MADRID"
"560",1.769,"REPSOL","CL MADRID, 1","MADRID"
"561",1.769,"CEPSA","AUTOVIA A-1 KM. 29,1","MADRID"
"562",1.769,"REPSOL","AVENIDA SAN PABLO, 32","MADRID"
"563",1.769,"REPSOL","CR M-100, 10,1","MADRID"
"564",1.769,"REPSOL","CALLE TORRELAGUNA, 78","MADRID"
"565",1.769,"CEPSA","CAMINO VALDETORRES (DE), 1","MADRID"
"566",1.769,"REPSOL","CARRETERA TORRELAGUNA ? EL ESCORIAL KM. 3","MADRID"
"567",1.769,"REPSOL","CL MADRID, 52","MADRID"
"568",1.769,"CAMPSA","CALLE SAN BERNARDO, S/N","MADRID"
"569",1.769,"REPSOL","CARRETERA M-604,KM.14.100 KM. 14,100","MADRID"
"570",1.769,"REPSOL","CARRETERA M-604 KM. 14,100","MADRID"
"571",1.769,"SHELL","CTRA. N-I km 64,650","MADRID"
"572",1.769,"CEPSA","RONDA SEGOVIA, 37","MADRID"
"573",1.769,"CEPSA","GLORIETA EMBAJADORES, 0","MADRID"
"574",1.769,"REPSOL","CL PLAZA LEGAZPI, 9","MADRID"
"575",1.769,"REPSOL","AV DOCTOR ESQUERDO, 153","MADRID"
"576",1.769,"REPSOL","CL AVDA .ALFONSO XIII  ESQ.C/ COSTA","MADRID"
"577",1.769,"CEPSA","CALLE COLOMBIA C/V BOLIVIA, 1","MADRID"
"578",1.769,"CEPSA","CALLE MARIA DE PORTUGAL, 15","MADRID"
"579",1.769,"CEPSA","CARRETERA M-605 KM. 5","MADRID"
"580",1.769,"CEPSA","CARRETERA M-605 KM. 5","MADRID"
"581",1.769,"REPSOL","CL NUESTRA SEÑORA DE VALVERDE, 175","MADRID"
"582",1.769,"REPSOL","CR M-607, 11,7","MADRID"
"583",1.769,"SHELL","CALLE CARDENAL HERRERA ORIA, 81","MADRID"
"584",1.769,"CEPSA","CARRETERA A6 KM. 11,6","MADRID"
"585",1.769,"CEPSA","GLORIETA MARIANO SALVADOR MAELLA, S/N","MADRID"
"586",1.769,"REPSOL","AVENIDA CARDENAL HERRERA ORIA, 290","MADRID"
"587",1.769,"CARREFOUR","AVENIDA AVDA DE ANDALUCIA KM 7,1, S/N","MADRID"
"588",1.769,"REPSOL","AVENIDA DAROCA,336","MADRID"
"589",1.769,"REPSOL","CL AVENIDA GENERAL, 22","MADRID"
"590",1.769,"REPSOL","AVDA. PRINCESA JUANA DE AUSTRIA KM 4,700 km 4.700","MADRID"
"591",1.769,"REPSOL","AVENIDA PESETA, 6","MADRID"
"592",1.769,"SHELL","CALLE ANTONIO DE LEYVA, 87","MADRID"
"593",1.769,"REPSOL","AVENIDA AVENIDA DE MORATALAZ, 21","MADRID"
"594",1.769,"REPSOL","CALLE FUENTE CARRANTONA S/N, 6","MADRID"
"595",1.769,"BP MADRID - AV DAROCA","AVENIDA DE DAROCA, 4","MADRID"
"596",1.769,"CEPSA","CALLE ALCALA, 415","MADRID"
"597",1.769,"REPSOL","CL ARTURO SORIA, 175","MADRID"
"598",1.769,"REPSOL","CL DR.MARAÑON C/V PL ESCORIAL, S.N.","MADRID"
"599",1.769,"REPSOL","CARRETERA DEL PLANTIO Nº66 KM. 1,2","MADRID"
"600",1.769,"CEPSA","CARRETERA M-516 KM. 0,1","MADRID"
"601",1.769,"CEPSA","AUTOVIA A-5 KM. 28,6","MADRID"
"602",1.769,"CEPSA","AUTOVIA A-5 KM. 28,6","MADRID"
"603",1.769,"CEPSA","AVENIDA CONSTITUCION, 170","MADRID"
"604",1.769,"REPSOL","CARRETERA M-111 KM. 8,200","MADRID"
"605",1.769,"REPSOL","CR PARLA-PINTO, KM.  0.15","MADRID"
"606",1.769,"REPSOL","CALLE COTO DE DOÑANA, 1","MADRID"
"607",1.769,"CARREFOUR","POLIGONO SANTA ANA, AVDA DE LA TECNICA, S/N","MADRID"
"608",1.769,"CEPSA","CARRETERA VALDEMAQUEDA KM. 0","MADRID"
"609",1.769,"REPSOL","AUTOVIA A 1 KM. 34","MADRID"
"610",1.769,"CARREFOUR","CARRETERA NACIONAL II KM. 16","MADRID"
"611",1.769,"REPSOL","AVENIDA EINSTEIN, 5","MADRID"
"612",1.769,"REPSOL","CR N-1, 18,6","MADRID"
"613",1.769,"SHELL","AUTOVIA A-I KM. 81","MADRID"
"614",1.769,"CEPSA","CALLE GENERALISIMO, 1","MADRID"
"615",1.769,"CEPSA","CALLE GENERALISIMO, 1","MADRID"
"616",1.769,"REPSOL","CALLE MALACUERA, 63","MADRID"
"617",1.769,"CEPSA","AVENIDA ANDALUCIA, 7","MADRID"
"618",1.769,"CEPSA","CALLE ROSALIA DE CASTRO, 14","MADRID"
"619",1.769,"BASIC","CALLE ARROYO DE LA HIRUELA, 2","MADRID"
"620",1.769,"REPSOL","CL CARRETERA ARANJUEZ ,56 (CR M-305 (M-305 km 19,8)","MADRID"
"621",1.769,"CEPSA","AUTOVIA A-3 KM. 49,3","MADRID"
"622",1.769,"CEPSA","AUTOVIA A-3 KM. 49,4","MADRID"
"623",1.775,"CEPSA","AVENIDA CONSTITUCION, 167","MADRID"
"624",1.775,"CEPSA","AVENIDA CONSTITUCION, 225","MADRID"
"625",1.775,"CEPSA","POZO DE LAS NIEVES, S.N.","MADRID"
"626",1.777,"REPSOL","CR M-509, 7,300","MADRID"
"627",1.778,"CEPSA","CALLE MÓSTOLES, 1","MADRID"
"628",1.778,"REPSOL","CALLE ENRIQUE GRANADOS, 1","MADRID"
"629",1.778,"REPSOL","CL MANUEL DE FALLA, 2","MADRID"
"630",1.779,"REPSOL","CARRETERA M-114 KM. 1","MADRID"
"631",1.779,"REPSOL","CARRETERA M-114 KM. 0,7","MADRID"
"632",1.779,"BP DUALEZ","CARRETERA M-404 KM. 4,950","MADRID"
"633",1.779,"REPSOL","CR M-300, 30.3","MADRID"
"634",1.779,"REPSOL","CR M-300 (PG.MATILLAS-PARC.A1), P.K","MADRID"
"635",1.779,"BP","AVENIDA VIA COMPLUTENSE, 165","MADRID"
"636",1.779,"SHELL","CARRETERA AJARVIL-ALCALA (PG 32C PARCELA26A) KM. S/N","MADRID"
"637",1.779,"CEPSA","AVENIDA DAGANZO, 12","MADRID"
"638",1.779,"REPSOL","CR M-603, 14,1","MADRID"
"639",1.779,"REPSOL","PLAZA MORALEJA S/N, S/N","MADRID"
"640",1.779,"REPSOL","CARRETERA SAN MARTIN DE VALDEIGLESIAS KM. 0,300","MADRID"
"641",1.779,"BP MOSTOLES II","AVENIDA MOSTOLES, 16","MADRID"
"642",1.779,"BP LA PRINCESA 1","CR M-506 MOSTOLES-FUENLABRADA KM. 4","MADRID"
"643",1.779,"BP LA PRINCESA 2","CR MOSTOLES-FUENLABRADA,  KM.4","MADRID"
"644",1.779,"BP SAN MARTIN II","CARRETERA ALCORCON-S.M.VALDEIGLESIAS KM. 1,5","MADRID"
"645",1.779,"BP SAN MARTIN I","CARRETERA ALCORCON-S.M.VALDEIGL. KM. 1,5","MADRID"
"646",1.779,"REPSOL","CALLE CAMINO LEGANES, 55","MADRID"
"647",1.779,"REPSOL","CL AVDA DEL PINAR, S.N.","MADRID"
"648",1.779,"BP VALDERAS","CL MAZO,  S/N","MADRID"
"649",1.779,"BP OLIMPICA","CALLE FRAGUAS, 1","MADRID"
"650",1.779,"BP LA FALUA","CARRETERA M-305 KM. 5","MADRID"
"651",1.779,"BP ARGANDA","AVENIDA EJERCITO (DEL), 44","MADRID"
"652",1.779,"BP LA ARGANDEÑA","AVENIDA DE MADRID, 37","MADRID"
"653",1.779,"REPSOL","AVDA DE MADRID, 103","MADRID"
"654",1.779,"GALP","CALLE CONDESA DE CHINCHÓN, 37","MADRID"
"655",1.779,"GALP","CTRA. MV-5113; P.K. 1,800","MADRID"
"656",1.779,"GALP","CTRA. MV-5113; P.K. 1,800","MADRID"
"657",1.779,"CEPSA","CARRETERA M-501 KM. 17,2","MADRID"
"658",1.779,"REPSOL","CL AVENIDA MADRID, S.N. (N-1 km 74,7)","MADRID"
"659",1.779,"BP COSLADA - AV CONSTITUCION","AVENIDA CONSTITUCION, 30","MADRID"
"660",1.779,"BP COSLADA - AV SAN PABLO","AVENIDA SAN PABLO, 26","MADRID"
"661",1.779,"BP AVANZADA FUENLABRADA","C/ LEGANES Nº 62","MADRID"
"662",1.779,"BP EL NARANJO","CALLE CL MOSTOLES 61, 61","MADRID"
"663",1.779,"SHELL","CARRETERA N III KM. 68,500","MADRID"
"664",1.779,"REPSOL","AUTOVIA A-3 KM. 62,5","MADRID"
"665",1.779,"BP GETAFE - M406","CR  M-406 KM 10","MADRID"
"666",1.779,"CEPSA","CARRETERA MADRID - CADIZ KM. 12,5","MADRID"
"667",1.779,"CEPSA","CARRETERA MADRID - CADIZ KM. 12,5","MADRID"
"668",1.779,"BP A42 CABANAS MI","CARRERA A-42, 13","MADRID"
"669",1.779,"BP A42 CABANAS MD","CARRETERA A-42 KM. 13","MADRID"
"670",1.779,"BP GETAFE - PG SAN MARCOS","CL DIESEL C/V Pº JOHN LENNON, S.N.","MADRID"
"671",1.779,"CEPSA","AUTOVIA A-4 KM. 14,3","MADRID"
"672",1.779,"CEPSA","AUTOVIA A-4 KM. 14,3","MADRID"
"673",1.779,"REPSOL","POLIGONO CENTRO LOGISTICO DE ABASTECIMIENTO-PARCELA, 13","MADRID"
"674",1.779,"CEPSA","M-404 km 17,8","MADRID"
"675",1.779,"REPSOL","CARRETERA AVENIDA  DE LA INDUSTRIA , 46 KM. 1,1","MADRID"
"676",1.779,"BP VALDONAIRE","CARRETERA AVD.DE LA INDUSTRIA KM. 15","MADRID"
"677",1.779,"BP HUMANES - EL MOLINO","AVENIDA DE LAS FLORES, 2","MADRID"
"678",1.779,"REPSOL HUMANES","AVENIDA LA INDUSTRIA, S/N","MADRID"
"679",1.779,"BP POLVORANCA","CARRETERA M-407 KM. 1800","MADRID"
"680",1.779,"REPSOL","CL ALAVA , S.N.","MADRID"
"681",1.779,"BP SAN PEDRO MI","CR A-3   MG DCHO, KM 11,2 km 11,200","MADRID"
"682",1.779,"BP SAN PEDRO MD","CR A-3  MG IZDO, KM 11,2 km 11,200","MADRID"
"683",1.779,"CEPSA VALLECAS-LA ATALAYUELA 365","CARRETERA VILLAVERDE A VALLECAS KM. 248","MADRID"
"684",1.779,"CEPSA","AVENIDA ENSANCHE DE VALLECAS, 2","MADRID"
"685",1.779,"REPSOL","CALLE ABETAL, 8","MADRID"
"686",1.779,"CEPSA","AVENIDA MANOTERAS, 34","MADRID"
"687",1.779,"REPSOL","SAN GENJO, 2","MADRID"
"688",1.779,"BP GUADALCANAL 365","CALLE GUADALCANAL, 39","MADRID"
"689",1.779,"CEPSA","CALLE ANTONIO MACHADO, S/N","MADRID"
"690",1.779,"REPSOL","CR N-4     P.K. 6,70 D","MADRID"
"691",1.779,"REPSOL","CR N-4     P.K. 6,70 I","MADRID"
"692",1.779,"BP","BARRIO AVENIDA VERBENA D ELA PALOMA, S/N","MADRID"
"693",1.779,"REPSOL","AVENIDA LOS ROSALES, 147","MADRID"
"694",1.779,"REPSOL","CR N-2, 12,6","MADRID"
"695",1.779,"REPSOL","CR A-5, 9","MADRID"
"696",1.779,"BP A42 CHEYPER","CARRETERA A 42 KM. 5,9","MADRID"
"697",1.779,"BP CARABANCHEL","CALLE REAL, 2","MADRID"
"698",1.779,"REPSOL","AVENIDA AVIACION, 32","MADRID"
"699",1.779,"BP ISLA AZUL","CALLE AGUACATE, 45","MADRID"
"700",1.779,"BP FERMIN FERNANDEZ","PS DE LA ERMITA DEL SANTO  S/N","MADRID"
"701",1.779,"REPSOL","AUTOVIA A-3 KM. 14,3","MADRID"
"702",1.779,"CARREFOUR","CALLE ADOLFO BIOY CASARES 2, 2","MADRID"
"703",1.779,"REPSOL","CL GL.CORREGIDOR SANCHO DE CORD, S.","MADRID"
"704",1.779,"REPSOL","EMILIO FERRARI, 68","MADRID"
"705",1.779,"CARREFOUR","POLIGONO EL CARRALERO II, C/ DE LAS MORERAS, , PARCELA 37, 2","MADRID"
"706",1.779,"BP MECO","AV. DE MADRID 51","MADRID"
"707",1.779,"IDS","CARRETERA N-II KM. 38","MADRID"
"708",1.779,"REPSOL","CALLE DURATON, 1","MADRID"
"709",1.779,"REPSOL","AUTOVIA A-1 KM. 40,2","MADRID"
"710",1.779,"CEPSA","AVENIDA FUENLABRADA, 30","MADRID"
"711",1.779,"CEPSA","CALLE LAGO ONTARIO, 24","MADRID"
"712",1.779,"REPSOL","CL TORRES QUEVEDO, 2","MADRID"
"713",1.779,"BP","CALLE MORALEJA DE ENMEDIO, 6","MADRID"
"714",1.779,"REPSOL","CALLE LONDRES, 43","MADRID"
"715",1.779,"REPSOL","CALLE REAL, S/N","MADRID"
"716",1.779,"REPSOL","AUTOVIA A - 4 KM. 23,300","MADRID"
"717",1.779,"REPSOL","AUTOPISTA A - 4 KM. 23,300","MADRID"
"718",1.779,"BP NASSICA 365","CALLE COTO DE DOÑANA (DEL), 6","MADRID"
"719",1.779,"CEPSA LAS ARENAS 365","CALLE ARENAS (DE LAS), 2","MADRID"
"720",1.779,"REPSOL","CARRETERA M-506 KM. 24,500","MADRID"
"721",1.779,"BP SOMOSAGUAS","AVENIDA RADIO TELEVISION ESPAÑOLA, 1","MADRID"
"722",1.779,"BP POZUELO","CARRETERA M-503 VÍA DE LAS DOS CASTILLAS KM. 6,3","MADRID"
"723",1.779,"GALP","TRAVESÍA PEÑALARA, 1","MADRID"
"724",1.779,"CEPSA","AVENIDA DEL VALLE, 39","MADRID"
"725",1.779,"REPSOL","AVENIDA DE LA TECNICA, S/N","MADRID"
"726",1.779,"CEPSA","AVENIDA AURELIO ALVAREZ, S/N","MADRID"
"727",1.779,"CEPSA","CALLE DE LA FUNDICION, 53","MADRID"
"728",1.779,"REPSOL","CR N-2, 16,3","MADRID"
"729",1.779,"BP SAN FERNANDO - LA PRESA","CALLE LA PRESA, S/N","MADRID"
"730",1.779,"BP SAN FERNANDO - M LUTHER KING","AV MARTIN LUTHER KING, S/N ESQUINA M-216","MADRID"
"731",1.779,"REPSOL","AVENIDA CASTILLA (DE), 43","MADRID"
"732",1.779,"BP LAS NAVAS","AUTOVIA N-1 KM. 80,200","MADRID"
"733",1.779,"BP TORREJON - AV FRONTERAS","AVENIDA DE LAS FRONTERAS, S/N","MADRID"
"734",1.779,"BP TORREJON - CTRA LOECHES","CARRETERA DE TORREJON A LOECHES KM. 1,100","MADRID"
"735",1.779,"SHELL","AVENIDA DE LAS ESTACIONES, 2","MADRID"
"736",1.779,"REPSOL","CALLE SAN JUAN, 38","MADRID"
"737",1.779,"ES BP GURUGU","CARRETERA ALCALA-PASTRANA KM. 4,400","MADRID"
"738",1.779,"BP VILLALBILLA","CARRETERA ALCALA VILLAR DEL OLMO (DE) M-204 KM. 39","MADRID"
"739",1.779,"BP VILLAMANTA","CARRETERA M-507 KM. 6,700","MADRID"
"740",1.779,"CEPSA","CARRETERA M-509 KM. 4,4","MADRID"
"741",1.779,"BP MARIA","AVENIDA QUITAPESARES, 1","MADRID"
"742",1.78,"REPSOL","CARRETERA COLMENAR VIEJO KM. 10,5","MADRID"
"743",1.78,"REPSOL","CARRETERA COLMENAR VIEJO KM. 10,5","MADRID"
"744",1.784,"BP","CALLE PASEO DE LAS CAMELIAS, 2","MADRID"
"745",1.784,"GALP","CARRETERA M-300 KM. 8,1","MADRID"
"746",1.789,"BP PUENTE ARCE","CARRETERA M-300 KM. 26,4","MADRID"
"747",1.789,"BP RIO CORVO","CARRETERA ANTIGUA N-II KM. 26,00","MADRID"
"748",1.789,"BP ISIDORO","AVENIDA JUAN CARLOS I, 44","MADRID"
"749",1.789,"REPSOL","AVENIDA JUAN CARLOS I, S/N","MADRID"
"750",1.789,"REPSOL","CL AVENIDA DE LA CONSTITUCION, 3","MADRID"
"751",1.789,"CEPSA","AVENIDA ESPAÑA, 118","MADRID"
"752",1.789,"REPSOL","CARRETERA A-42 KM. 18,7","MADRID"
"753",1.789,"REPSOL","CR M-506, 15,6","MADRID"
"754",1.789,"REPSOL","CARRETERA A-42 KM. 18,7","MADRID"
"755",1.789,"REPSOL","CR M-506, 18","MADRID"
"756",1.789,"CEPSA","PASEO MORET, 7","MADRID"
"757",1.789,"REPSOL","CARRETERA M-203 KM. 0,28","MADRID"
"758",1.789,"REPSOL","CARRETERA M-203 KM. 0,28","MADRID"
"759",1.789,"REPSOL","CALLE REAL DE ARGANDA, 74","MADRID"
"760",1.789,"CEPSA","CALLE OFELIA NIETO, 65","MADRID"
"761",1.789,"REPSOL","CARRETERA M-602 KM. 1,3","MADRID"
"762",1.789,"REPSOL","CARRETERA M-301 KM. 3,5","MADRID"
"763",1.789,"REPSOL","AUTOPISTA M-50 KM. 34","MADRID"
"764",1.789,"REPSOL","AUTOVIA M-50 KM. 34","MADRID"
"765",1.789,"REPSOL","CL ALCALA, 510","MADRID"
"766",1.789,"REPSOL","CR M-214, 4,6","MADRID"
"767",1.789,"REPSOL","CALLE MANUEL DE FALLA, 2","MADRID"
"768",1.789,"REPSOL","AUTOVIA A-1 KM. 41","MADRID"
"769",1.789,"CARREFOUR","CARRETERA NACIONAL VKM 19 KM.","MADRID"
"770",1.789,"REPSOL","CARRETERA M600 KM. 45,800","MADRID"
"771",1.789,"CEPSA A4 PINTO 365","CALLE COTO DE DOÑANA, 1","MADRID"
"772",1.789,"REPSOL","CR A-4  P.K. 20,20 D","MADRID"
"773",1.789,"REPSOL","CR A-4  P.K. 20,20 I","MADRID"
"774",1.789,"BP PARQUE ÓPTIMA","CARRETERA M-841 KM. 1","MADRID"
"775",1.789,"REPSOL","CR A-6, 20,3","MADRID"
"776",1.789,"REPSOL","CR N-2, 16,3","MADRID"
"777",1.789,"CEPSA SAN FERNANDO 365","CALLE CERRAJEROS DE LOS, 2","MADRID"
"778",1.789,"CEPSA","AVENIDA DOCTOR MANUEL JARABO (DEL), 74","MADRID"
"779",1.789,"REPSOL","CR A-6, 28,2","MADRID"
"780",1.789,"REPSOL","CALLE CAMINO DE VALLADOLID, 1","MADRID"
"781",1.789,"REPSOL","AUTOVIA E-5/A-1 KM. 49","MADRID"
"782",1.799,"CEPSA","AUTOVIA N-IV KM. 48,700","MADRID"
"783",1.799,"REPSOL","CR A-5, 23.5","MADRID"
"784",1.799,"CEPSA","CARRETERA M-511 KM. 6,5","MADRID"
"785",1.799,"CEPSA","CALLE AMADEO VIVES, 2","MADRID"
"786",1.799,"REPSOL","AUTOVIA N-1 KM. 65","MADRID"
"787",1.799,"CEPSA","CALLE CORAZON DE MARIA, 18","MADRID"
"788",1.799,"REPSOL","AVENIDA VENTISQUERO DE LA CONDESA,","MADRID"
"789",1.799,"REPSOL","CALLE ALTO DEL RETIRO, 2","MADRID"
"790",1.799,"REPSOL","CARRETERA M-856 (ENLACE N-V Y N-501) KM. 1","MADRID"
"791",1.799,"REPSOL","CR A-5, 21","MADRID"
"792",1.799,"REPSOL","CR A-5, 21","MADRID"
"793",1.799,"REPSOL","CARRETERA CARABANCHEL M-502 KM. 3600","MADRID"
"794",1.799,"BP SAN FERNANDO PUERTA DE MADRID 365 I","CALLE CERRAJEROS, 10","MADRID"
"795",1.799,"BP SAN FERNANDO PUERTA DE MADRID 365 II","CALLE CERRAJEROS (DE LOS), 10","MADRID"
"796",1.799,"REPSOL","CARRETERA M-50 KM. 66,5","MADRID"
"797",1.799,"REPSOL","CARRETERA M-50 KM. 66,5","MADRID"
"798",1.802,"REPSOL","CARRETERA M-832 KM. 3","MADRID"
"799",1.802,"REPSOL","CARRETERA M-832 KM. 3","MADRID"
"800",1.805,"CEPSA","CARRETERA M-841 KM. 3,5","MADRID"
"801",1.809,"REPSOL","CALLE MERCADRID PARCELA D-3, S/N","MADRID"
"802",1.812,"PETRONOR","CR M-311, 4,9","MADRID"
"803",1.812,"REPSOL","CR M-204, 27","MADRID"
"804",1.812,"REPSOL","CARRETERA N-3 KM. 39,2","MADRID"
"805",1.816,"REPSOL","CARRETERA DE LA CORUÑA KM 12 KM.","MADRID"
"806",1.819,"CEPSA","AVENIDA EUROPA (C.C. LA MORALEJA), 13/15","MADRID"
"807",1.819,"REPSOL","AUTOVIA E-901/A-3 KM. 35,2","MADRID"
"808",1.829,"REPSOL","CR A-6, 8","MADRID"
"809",1.859,"REPSOL SAN FERNANDO 365","CALLE DE LOS HERRADORES, 1","MADRID"
"810",1.869,"REPSOL","AUTOPISTA AUTOPISTA R-3 LOECHES KM. 19,5","MADRID"
"811",1.869,"REPSOL","AUTOPISTA AUTOPISTA R-3 LOECHES KM. 19,5","MADRID"
"812",1.879,"REPSOL","CARRETERA R-5 KM. 5,5","MADRID"
"813",1.879,"REPSOL","CARRETERA R-5 KM. 5,5","MADRID"
"814",1.879,"REPSOL","AU R-2 ,P.K. 35,5 M.D.","MADRID"
"815",1.879,"REPSOL","AU R-2 ,P.K. 35,5 M.I.","MADRID"
"816",1.956,"COSTCO","CALLE AGUSTIN DE BETANCOURT, 17","MADRID"
"817",1.974,"COSTCO","CALLE INNOVACIÓN, 19","MADRID"
"818",NA,"SCAT","CALLE VALPORTILLO II, 5","MADRID"
"819",NA,"REDEXIS","CARRETERA ALCORCON A SAN MARTIN DE VALDEIGLESIAS KM. 1,5","MADRID"
"820",NA,"ALIARA ENERGÍA","PASEO PASEO DE EXTREMADURA, KM 12.200, 28925 ALCORCÓN, MADRID, 11","MADRID"
"821",NA,"NATURGY","CALLE EBANISTAS, 2","MADRID"
"822",NA,"ALIARA ENERGÍA","AVENIDA DE MADRID, 103","MADRID"
"823",NA,"NATURGY ES FUENLABRADA","AVENIDA LA CANTUEÑA, 8","MADRID"
"824",NA,"LUACENTER","CALLE TENERIFE (DE), 2","MADRID"
"825",NA,"NATURGY","AVENIDA FRANCISCO PI Y MARGALL, 5","MADRID"
"826",NA,"ALIARA ENERGIA","CALLE PORTOMARIN, 25","MADRID"
"827",NA,"HAM TRES CANTOS","CARRETERA M-607 KM. 17,7","MADRID"
"828",NA,"NATURGY","CALLE PIÑUECAR, 53","MADRID"
"829",NA,"SCAT","CALLE SAN MARIO, 14","MADRID"
"830",NA,"ALIARA ENERGIA","AVENIDA CORDOBA, 49","MADRID"
"831",NA,"NATURGY","CALLE RAFAEL BOTI, 5","MADRID"
"832",NA,"ALIARA ENERGIA","CALLE FUENTE DE LIMA, 22","MADRID"
"833",NA,"SCAT","CALLE SECOYA, 28","MADRID"
"834",NA,"ALIARA ENERGIA","CALLE VIA DE LOS POBLADOS, 128","MADRID"
"835",NA,"REPSOL BUTANO","PASEO ERMITA DEL SANTO, 80","MADRID"
"836",NA,"NATURGY","CALLE FUEMBELLIDA, 3","MADRID"
"837",NA,"REPSOL","CALLE MENDEZ ALVARO, S/N","MADRID"
"838",NA,"NATURGY","AVENIDA EJE CENTRAL, 7","MADRID"
"839",NA,"MADRID WETAXI GLP","CALLE ISAAC JIMENEZ, 3","MADRID"
"840",NA,"NATURGY","CALLE RIVAS, 14","MADRID"
"841",NA,"ALIARA ENERGÍA","CALLE TORRES QUEVEDO, 6","MADRID"
"842",NA,"NATURGY","CARRETERA DE PARLA A PINTO M-408 KM. S/N","MADRID"
"843",NA,"BP PINTO","CARRETERA M-408 PINTO A PARLA KM. 5","MADRID"
"844",NA,"CAB","CALLE TURBINA (DE LA), 2","MADRID"
"845",NA,"ALIARA ENERGÍA","AVENIDA DE LA TÉCNICA, 2","MADRID"
"846",NA,"MOLGAS","CALLE CERRAJEROS DE LOS, 10","MADRID"
"847",NA,"HAM","AUTOVIA NACIONAL I KM. 26,200","MADRID"
"848",NA,"HAM","CALLE NARCISO MONTURIOL, 28","MADRID"
"849",NA,"HAM","CALLE TAMBORA, 4","MADRID"
